segment_id,road_type,road_type_class,current_speed_kph,speed_display_text,lane_count,lane_display_text,road_direction,segment_curvature_value,curvature_state,control_on_segment,intersection_warning,speed_advisory_kph,advisory_speed_text,waypoint_density_per_km,density_class,remaining_distance_miles,remaining_time_min,distance_to_segment_miles,distance_along_route_miles
17,secondary,Rural/Arterial,80.0,49.7 mph (inf),2,2 (inferred),Two-way,0.5477987216692668,Straight,None,,,--,3.110481,Low,12.583703433538702,14.700872981129594,0.00011915143670234163,12.197894168675166
17,secondary,Rural/Arterial,80.0,49.7 mph (inf),2,2 (inferred),Two-way,0.5477987216692668,Straight,None,,,--,3.110481,Low,12.58238196436996,14.69932917882205,0.00012240026089081115,12.199215637843908
17,secondary,Rural/Arterial,80.0,49.7 mph (inf),2,2 (inferred),Two-way,0.5477987216692668,Straight,None,,,--,3.110481,Low,12.581058849313937,14.697783453711732,0.00012254396103869938,12.20053875289993
17,secondary,Rural/Arterial,80.0,49.7 mph (inf),2,2 (inferred),Two-way,0.5477987216692668,Straight,None,,,--,3.110481,Low,12.579734167374985,14.696235898095233,0.00011797369347904931,12.201863434838883
17,secondary,Rural/Arterial,80.0,49.7 mph (inf),2,2 (inferred),Two-way,0.5477987216692668,Straight,None,,,--,3.110481,Low,12.578407808615522,14.694686383538308,0.00010674857808660117,12.203189793598346
17,secondary,Rural/Arterial,80.0,49.7 mph (inf),2,2 (inferred),Two-way,0.5477987216692668,Straight,None,,,--,3.110481,Low,12.577080049173437,14.693135232638205,8.864856576244438e-05,12.20451755304043
17,secondary,Rural/Arterial,80.0,49.7 mph (inf),2,2 (inferred),Two-way,0.5477987216692668,Straight,None,,,--,3.110481,Low,12.575750788463218,14.6915823278862,6.440316423404229e-05,12.20584681375065
17,secondary,Rural/Arterial,80.0,49.7 mph (inf),2,2 (inferred),Two-way,0.5477987216692668,Straight,None,,,--,3.110481,Low,12.57442004077306,14.69002768597444,3.467590745794782e-05,12.207177561440808
17,secondary,Rural/Arterial,80.0,49.7 mph (inf),2,2 (inferred),Two-way,0.5477987216692668,Straight,None,,,--,3.110481,Low,12.573087738160302,14.688471227529117,1.8998874146253076e-08,12.208509864053566
17,secondary,Rural/Arterial,80.0,49.7 mph (inf),2,2 (inferred),Two-way,0.5477987216692668,Straight,None,,,--,3.110481,Low,12.571753792297487,14.68691284936195,3.7568024777503064e-05,12.20984380991638
17,secondary,Rural/Arterial,80.0,49.7 mph (inf),2,2 (inferred),Two-way,0.5477987216692668,Straight,None,,,--,3.110481,Low,12.570418107903963,14.685352440161607,7.631909501171293e-05,12.211179494309905
17,secondary,Rural/Arterial,80.0,49.7 mph (inf),2,2 (inferred),Two-way,0.5477987216692668,Straight,None,,,--,3.110481,Low,12.569080522091449,14.683789809634355,0.00011331141524185316,12.212517080122419
17,secondary,Rural/Arterial,80.0,49.7 mph (inf),2,2 (inferred),Two-way,0.5477987216692668,Straight,None,,,--,3.110481,Low,12.56774109142368,14.682225023860603,0.0001483683932100935,12.213856510790189
17,secondary,Rural/Arterial,80.0,49.7 mph (inf),2,2 (inferred),Two-way,0.5477987216692668,Straight,None,,,--,3.110481,Low,12.566399621568094,14.680657855811933,0.00017824248959619833,12.215197980645774
17,secondary,Rural/Arterial,80.0,49.7 mph (inf),2,2 (inferred),Two-way,0.5477987216692668,Straight,None,,,--,3.110481,Low,12.565056030038043,14.67908820912357,0.00020250662153285405,12.216541572175824
17,secondary,Rural/Arterial,80.0,49.7 mph (inf),2,2 (inferred),Two-way,0.5477987216692668,Straight,None,,,--,3.110481,Low,12.563710425613008,14.67751621087681,0.00022137925808795396,12.21788717660086
17,secondary,Rural/Arterial,80.0,49.7 mph (inf),2,2 (inferred),Two-way,0.5477987216692668,Straight,None,,,--,3.110481,Low,12.562362686676941,14.675941718994077,0.00023333230451570299,12.219234915536926
17,secondary,Rural/Arterial,80.0,49.7 mph (inf),2,2 (inferred),Two-way,0.5477987216692668,Straight,None,,,--,3.110481,Low,12.561013072533195,14.674365036405714,0.00024001256161631983,12.220584529680673
17,secondary,Rural/Arterial,80.0,49.7 mph (inf),2,2 (inferred),Two-way,0.5477987216692668,Straight,None,,,--,3.110481,Low,12.55966160830557,14.672786192462532,0.00024144143698298802,12.221935993908298
17,secondary,Rural/Arterial,80.0,49.7 mph (inf),2,2 (inferred),Two-way,0.5477987216692668,Straight,None,,,--,3.110481,Low,12.55830836671738,14.671205272123316,0.00023758482616358575,12.223289235496487
17,secondary,Rural/Arterial,80.0,49.7 mph (inf),2,2 (inferred),Two-way,0.5477987216692668,Straight,None,,,--,3.110481,Low,12.55695336688002,14.66962229771489,0.00022879914707895905,12.224644235333848
17,secondary,Rural/Arterial,80.0,49.7 mph (inf),2,2 (inferred),Two-way,0.5477987216692668,Straight,None,,,--,3.110481,Low,12.555596542019522,14.668037191228779,0.0002161416250763457,12.226001060194346
17,secondary,Rural/Arterial,80.0,49.7 mph (inf),2,2 (inferred),Two-way,0.5477987216692668,Straight,None,,,--,3.110481,Low,12.55423796055393,14.666450032594147,0.00020103432559086392,12.227359641659937
17,secondary,Rural/Arterial,80.0,49.7 mph (inf),2,2 (inferred),Two-way,0.5477987216692668,Straight,None,,,--,3.110481,Low,12.552877624172924,14.66486082378496,0.00018556061063191337,12.228719978040944
17,secondary,Rural/Arterial,80.0,49.7 mph (inf),2,2 (inferred),Two-way,0.5477987216692668,Straight,None,,,--,3.110481,Low,12.551515477166571,14.66326949971826,0.00017085710984099793,12.230082125047296
17,secondary,Rural/Arterial,80.0,49.7 mph (inf),2,2 (inferred),Two-way,0.5477987216692668,Straight,None,,,--,3.110481,Low,12.550151416360928,14.661675939861398,0.00015849729909489407,12.23144618585294
17,secondary,Rural/Arterial,80.0,49.7 mph (inf),2,2 (inferred),Two-way,0.5477987216692668,Straight,None,,,--,3.110481,Low,12.548785741234425,14.660080494079144,0.00014714210019250152,12.232811860979442
17,secondary,Rural/Arterial,80.0,49.7 mph (inf),2,2 (inferred),Two-way,0.5477987216692668,Straight,None,,,--,3.110481,Low,12.547542771679487,14.658628398704911,0.00013734983454008834,12.234054830534381
17,secondary,Rural/Arterial,80.0,49.7 mph (inf),2,2 (inferred),Two-way,0.5477987216692668,Straight,None,,,--,3.110481,Low,12.546298444840913,14.657174717688228,0.0001281192946615774,12.235299157372955
17,secondary,Rural/Arterial,80.0,49.7 mph (inf),2,2 (inferred),Two-way,0.5477987216692668,Straight,None,,,--,3.110481,Low,12.545052821229854,14.655719521721066,0.00011992280767954616,12.236544780984014
17,secondary,Rural/Arterial,80.0,49.7 mph (inf),2,2 (inferred),Two-way,0.5477987216692668,Straight,None,,,--,3.110481,Low,12.543806075728492,14.654263015108992,0.00011124097099028716,12.237791526485376
17,secondary,Rural/Arterial,80.0,49.7 mph (inf),2,2 (inferred),Two-way,0.5477987216692668,Straight,None,,,--,3.110481,Low,12.542558091963778,14.652805061899553,0.00010172381303154678,12.23903951025009
17,secondary,Rural/Arterial,80.0,49.7 mph (inf),2,2 (inferred),Two-way,0.5477987216692668,Straight,None,,,--,3.110481,Low,12.541308764213912,14.651345538583577,9.320992317732307e-05,12.240288837999955
17,secondary,Rural/Arterial,80.0,49.7 mph (inf),2,2 (inferred),Two-way,0.5477987216692668,Straight,None,,,--,3.110481,Low,12.540057999078865,14.649884336046766,8.576843792954921e-05,12.241539603135003
17,secondary,Rural/Arterial,80.0,49.7 mph (inf),2,2 (inferred),Two-way,0.5477987216692668,Straight,None,,,--,3.110481,Low,12.538805946880073,14.64842162990168,7.892217944338428e-05,12.242791655333795
17,secondary,Rural/Arterial,80.0,49.7 mph (inf),2,2 (inferred),Two-way,0.5477987216692668,Straight,None,,,--,3.110481,Low,12.537552820907115,14.646957669323212,7.360313371823883e-05,12.244044781306753
17,secondary,Rural/Arterial,80.0,49.7 mph (inf),2,2 (inferred),Two-way,0.5477987216692668,Straight,None,,,--,3.110481,Low,12.536298794469813,14.645492656780036,6.789887973136059e-05,12.245298807744055
17,secondary,Rural/Arterial,80.0,49.7 mph (inf),2,2 (inferred),Two-way,0.5477987216692668,Straight,None,,,--,3.110481,Low,12.535043946063833,14.64402668397447,6.032077823375601e-05,12.246553656150034
17,secondary,Rural/Arterial,80.0,49.7 mph (inf),2,2 (inferred),Two-way,0.5477987216692668,Straight,None,,,--,3.110481,Low,12.53378837462228,14.64255986648481,5.280084815630765e-05,12.247809227591588
17,secondary,Rural/Arterial,80.0,49.7 mph (inf),2,2 (inferred),Two-way,0.5477987216692668,Straight,None,,,--,3.110481,Low,12.532532171699552,14.641092311269201,4.7024255691400225e-05,12.249065430514316
17,secondary,Rural/Arterial,80.0,49.7 mph (inf),2,2 (inferred),Two-way,0.5477987216692668,Straight,None,,,--,3.110481,Low,12.531275474669448,14.639624178814167,4.271287226778606e-05,12.25032212754442
17,secondary,Rural/Arterial,80.0,49.7 mph (inf),2,2 (inferred),Two-way,0.5477987216692668,Straight,None,,,--,3.110481,Low,12.530018272800735,14.638155456582972,4.015999114055256e-05,12.251579329413133
17,secondary,Rural/Arterial,80.0,49.7 mph (inf),2,2 (inferred),Two-way,0.5477987216692668,Straight,None,,,--,3.110481,Low,12.528760700759255,14.636686301898578,3.8281126958592593e-05,12.252836901454613
17,secondary,Rural/Arterial,80.0,49.7 mph (inf),2,2 (inferred),Two-way,0.5477987216692668,Straight,None,,,--,3.110481,Low,12.527502675517036,14.635216617763808,3.506813001631104e-05,12.254094926696832
17,secondary,Rural/Arterial,80.0,49.7 mph (inf),2,2 (inferred),Two-way,0.5477987216692668,Straight,None,,,--,3.110481,Low,12.526244169388626,14.633746371835219,3.168173866417709e-05,12.255353432825242
17,secondary,Rural/Arterial,80.0,49.7 mph (inf),2,2 (inferred),Two-way,0.5477987216692668,Straight,None,,,--,3.110481,Low,12.524985267668276,14.632275663757557,2.8762143428752646e-05,12.256612334545592
17,secondary,Rural/Arterial,80.0,49.7 mph (inf),2,2 (inferred),Two-way,0.5477987216692668,Straight,None,,,--,3.110481,Low,12.523725930999259,14.630804447552451,2.7213958453082297e-05,12.257871671214609
17,secondary,Rural/Arterial,80.0,49.7 mph (inf),2,2 (inferred),Two-way,0.5477987216692668,Straight,None,,,--,3.110481,Low,12.522466080274754,14.629332630803592,2.7113181518351276e-05,12.259131521939114
17,secondary,Rural/Arterial,80.0,49.7 mph (inf),2,2 (inferred),Two-way,0.5477987216692668,Straight,None,,,--,3.110481,Low,12.52120568955249,14.627860183204008,2.7282419498628818e-05,12.260391912661378
17,secondary,Rural/Arterial,80.0,49.7 mph (inf),2,2 (inferred),Two-way,0.5477987216692668,Straight,None,,,--,3.110481,Low,12.519944805949555,14.62638715979809,2.583262274497601e-05,12.261652796264313
17,secondary,Rural/Arterial,80.0,49.7 mph (inf),2,2 (inferred),Two-way,0.5477987216692668,Straight,None,,,--,3.110481,Low,12.518683432638325,14.624913564291957,2.3238350395206136e-05,12.262914169575543
17,secondary,Rural/Arterial,80.0,49.7 mph (inf),2,2 (inferred),Two-way,0.5477987216692668,Straight,None,,,--,3.110481,Low,12.517421476460399,14.623439287853591,2.1301821524236207e-05,12.264176125753469
17,secondary,Rural/Arterial,80.0,49.7 mph (inf),2,2 (inferred),Two-way,0.5477987216692668,Straight,None,,,--,3.110481,Low,12.516159155307243,14.621964585034032,2.0322984302018228e-05,12.265438446906625
17,secondary,Rural/Arterial,80.0,49.7 mph (inf),2,2 (inferred),Two-way,0.5477987216692668,Straight,None,,,--,3.110481,Low,12.514896317144943,14.620489278220125,2.090559762538447e-05,12.266701285068924
17,secondary,Rural/Arterial,80.0,49.7 mph (inf),2,2 (inferred),Two-way,0.5477987216692668,Straight,None,,,--,3.110481,Low,12.51363287078191,14.619013260877573,2.1749093819906188e-05,12.267964731431958
17,secondary,Rural/Arterial,80.0,49.7 mph (inf),2,2 (inferred),Two-way,0.5477987216692668,Straight,None,,,--,3.110481,Low,12.512368495862617,14.617536158752017,2.0111187408189168e-05,12.26922910635125
17,secondary,Rural/Arterial,80.0,49.7 mph (inf),2,2 (inferred),Two-way,0.5477987216692668,Straight,None,,,--,3.110481,Low,12.511103641153488,14.616058496113455,1.770776585316249e-05,12.27049396106038
17,secondary,Rural/Arterial,80.0,49.7 mph (inf),2,2 (inferred),Two-way,0.5477987216692668,Straight,None,,,--,3.110481,Low,12.509838240100372,14.614580195210204,1.6025948636561865e-05,12.271759362113496
17,secondary,Rural/Arterial,80.0,49.7 mph (inf),2,2 (inferred),Two-way,0.5477987216692668,Straight,None,,,--,3.110481,Low,12.508572309951571,14.61310127619254,1.468433015456555e-05,12.273025292262297
17,secondary,Rural/Arterial,80.0,49.7 mph (inf),2,2 (inferred),Two-way,0.5477987216692668,Straight,None,,,--,3.110481,Low,12.507305899046042,14.611621795532301,1.4120247529289699e-05,12.274291703167826
17,secondary,Rural/Arterial,80.0,49.7 mph (inf),2,2 (inferred),Two-way,0.5477987216692668,Straight,None,,,--,3.110481,Low,12.50603890704825,14.610141636012806,1.277294987296657e-05,12.275558695165618
17,secondary,Rural/Arterial,80.0,49.7 mph (inf),2,2 (inferred),Two-way,0.5477987216692668,Straight,None,,,--,3.110481,Low,12.50477129570931,14.608660752949913,9.030046882128223e-06,12.276826306504558
17,secondary,Rural/Arterial,80.0,49.7 mph (inf),2,2 (inferred),Two-way,0.5477987216692668,Straight,None,,,--,3.110481,Low,12.503503113616851,14.607179203105972,4.7840268973110685e-06,12.278094488597016
17,secondary,Rural/Arterial,80.0,49.7 mph (inf),2,2 (inferred),Two-way,0.5477987216692668,Straight,None,,,--,3.110481,Low,12.502234314561559,14.605696932497088,9.512112452712818e-07,12.279363287652309
17,secondary,Rural/Arterial,80.0,49.7 mph (inf),2,2 (inferred),Two-way,0.5477987216692668,Straight,None,,,--,3.110481,Low,12.500964757782228,14.60421377667942,3.1509768544510748e-06,12.28063284443164
17,secondary,Rural/Arterial,80.0,49.7 mph (inf),2,2 (inferred),Two-way,0.5477987216692668,Straight,None,,,--,3.110481,Low,12.4996938146988,14.602729001316236,6.853132641998875e-06,12.281903787515068
17,secondary,Rural/Arterial,80.0,49.7 mph (inf),2,2 (inferred),Two-way,0.5477987216692668,Straight,None,,,--,3.110481,Low,12.498422347912724,14.601243614139038,1.1469973737505695e-05,12.283175254301144
17,secondary,Rural/Arterial,80.0,49.7 mph (inf),2,2 (inferred),Two-way,0.5477987216692668,Straight,None,,,--,3.110481,Low,12.497150380181855,14.599757641734623,1.8008423312265284e-05,12.284447222032012
17,secondary,Rural/Arterial,80.0,49.7 mph (inf),2,2 (inferred),Two-way,0.5477987216692668,Straight,None,,,--,3.110481,Low,12.495877763540994,14.598270911243096,2.553486723820143e-05,12.285719838672874
17,secondary,Rural/Arterial,80.0,49.7 mph (inf),2,2 (inferred),Two-way,0.5477987216692668,Straight,None,,,--,3.110481,Low,12.494604537841752,14.596783469220982,3.408741055053222e-05,12.286993064372115
17,secondary,Rural/Arterial,80.0,49.7 mph (inf),2,2 (inferred),Two-way,0.5477987216692668,Straight,None,,,--,3.110481,Low,12.493330643764681,14.595295246368517,4.452551471186558e-05,12.288266958449187
17,secondary,Rural/Arterial,80.0,49.7 mph (inf),2,2 (inferred),Two-way,0.5477987216692668,Straight,None,,,--,3.110481,Low,12.49205609313418,14.59380625649952,5.641498445972597e-05,12.289541509079688
17,secondary,Rural/Arterial,80.0,49.7 mph (inf),2,2 (inferred),Two-way,0.5477987216692668,Straight,None,,,--,3.110481,Low,12.49078104675047,14.592316687468355,7.229549641323806e-05,12.290816555463397
17,secondary,Rural/Arterial,80.0,49.7 mph (inf),2,2 (inferred),Two-way,0.5477987216692668,Straight,None,,,--,3.110481,Low,12.489505382888922,14.590826397070595,9.465007140662062e-05,12.292092219324946
17,secondary,Rural/Arterial,80.0,49.7 mph (inf),2,2 (inferred),Two-way,0.5477987216692668,Straight,None,,,--,3.110481,Low,12.488229199448437,14.589335499676336,0.00012233630893726365,12.29336840276543
17,secondary,Rural/Arterial,80.0,49.7 mph (inf),2,2 (inferred),Two-way,0.5477987216692668,Straight,None,,,--,3.110481,Low,12.486952937826382,14.587844510946699,0.00015370518244852481,12.294644664387485
17,secondary,Rural/Arterial,80.0,49.7 mph (inf),2,2 (inferred),Two-way,0.5477987216692668,Straight,None,,,--,3.110481,Low,12.485676263564965,14.586353040152389,0.00018911501224954492,12.295921338648903
17,secondary,Rural/Arterial,80.0,49.7 mph (inf),2,2 (inferred),Two-way,0.5477987216692668,Straight,None,,,--,3.110481,Low,12.484399112462459,14.584861012289938,0.00022963621810929402,12.297198489751409
17,secondary,Rural/Arterial,80.0,49.7 mph (inf),2,2 (inferred),Two-way,0.5477987216692668,Straight,None,,,--,3.110481,Low,12.483121720887796,14.583368703496628,0.00027553191985156203,12.298475881326072
17,secondary,Rural/Arterial,80.0,49.7 mph (inf),2,2 (inferred),Two-way,0.5477987216692668,Straight,None,,,--,3.110481,Low,12.481843905052932,14.581875899062636,0.00032553818919990997,12.299753697160936
17,secondary,Rural/Arterial,80.0,49.7 mph (inf),2,2 (inferred),Two-way,0.5477987216692668,Straight,None,,,--,3.110481,Low,12.48056570028914,14.580382640263618,0.0003754579427569982,12.301031901924727
17,secondary,Rural/Arterial,80.0,49.7 mph (inf),2,2 (inferred),Two-way,0.5477987216692668,Straight,None,,,--,3.110481,Low,12.479287000693818,14.57888880337918,0.0004217573247485132,12.30231060152005
17,secondary,Rural/Arterial,80.0,49.7 mph (inf),2,2 (inferred),Two-way,0.5477987216692668,Straight,None,,,--,3.110481,Low,12.478007810909027,14.577394393832396,0.00046385542427188433,12.30358979130484
17,secondary,Rural/Arterial,80.0,49.7 mph (inf),2,2 (inferred),Two-way,0.5477987216692668,Straight,None,,,--,3.110481,Low,12.476728110922965,14.575899388244542,0.0005019153786430279,12.304869491290903
17,secondary,Rural/Arterial,80.0,49.7 mph (inf),2,2 (inferred),Two-way,0.5477987216692668,Straight,None,,,--,3.110481,Low,12.475448130592893,14.574404055145656,0.0005361360589158617,12.306149471620975
17,secondary,Rural/Arterial,80.0,49.7 mph (inf),2,2 (inferred),Two-way,0.5477987216692668,Straight,None,,,--,3.110481,Low,12.474168108059876,14.572908672743308,0.0005664819216867409,12.307429494153991
17,secondary,Rural/Arterial,80.0,49.7 mph (inf),2,2 (inferred),Two-way,0.5477987216692668,Straight,None,,,--,3.110481,Low,12.472887741499164,14.571412888431661,0.0005930844828965008,12.308709860714703
17,secondary,Rural/Arterial,80.0,49.7 mph (inf),2,2 (inferred),Two-way,0.5477987216692668,Straight,None,,,--,3.110481,Low,12.471607021549575,14.56991669127454,0.0006154601999959938,12.309990580664293
17,secondary,Rural/Arterial,80.0,49.7 mph (inf),2,2 (inferred),Two-way,0.5477987216692668,Straight,None,,,--,3.110481,Low,12.470326026675693,14.568420172937957,0.0006337725694822107,12.311271575538175
17,secondary,Rural/Arterial,80.0,49.7 mph (inf),2,2 (inferred),Two-way,0.5477987216692668,Straight,None,,,--,3.110481,Low,12.469044717575809,14.566923287507809,0.0006483790533786983,12.312552884638059
17,secondary,Rural/Arterial,80.0,49.7 mph (inf),2,2 (inferred),Two-way,0.5477987216692668,Straight,None,,,--,3.110481,Low,12.467763135757808,14.565426083475558,0.0006588587624839953,12.31383446645606
17,secondary,Rural/Arterial,80.0,49.7 mph (inf),2,2 (inferred),Two-way,0.5477987216692668,Straight,None,,,--,3.110481,Low,12.466481291560669,14.56392857291968,0.0006643146106460228,12.315116310653199
17,secondary,Rural/Arterial,80.0,49.7 mph (inf),2,2 (inferred),Two-way,0.5477987216692668,Straight,None,,,--,3.110481,Low,12.465199203174192,14.562430777090361,0.0006641246776646209,12.316398399039675
17,secondary,Rural/Arterial,80.0,49.7 mph (inf),2,2 (inferred),Two-way,0.5477987216692668,Straight,None,,,--,3.110481,Low,12.463916933538854,14.560932769517612,0.0006585849411311635,12.317680668675013
17,secondary,Rural/Arterial,80.0,49.7 mph (inf),2,2 (inferred),Two-way,0.5477987216692668,Straight,None,,,--,3.110481,Low,12.46263450691852,14.559434578547622,0.0006486288130086571,12.318963095295349
17,secondary,Rural/Arterial,80.0,49.7 mph (inf),2,2 (inferred),Two-way,0.5477987216692668,Straight,None,,,--,3.110481,Low,12.46135162832029,14.55793585955584,0.0006330369106047697,12.320245973893577
17,secondary,Rural/Arterial,80.0,49.7 mph (inf),2,2 (inferred),Two-way,0.5477987216692668,Straight,None,,,--,3.110481,Low,12.460068786446987,14.556437183467843,0.0006122860270561137,12.32152881576688
17,secondary,Rural/Arterial,80.0,49.7 mph (inf),2,2 (inferred),Two-way,0.5477987216692668,Straight,None,,,--,3.110481,Low,12.458785864999804,14.554938414417903,0.0005871583551776167,12.322811737214064
17,secondary,Rural/Arterial,80.0,49.7 mph (inf),2,2 (inferred),Two-way,0.5477987216692668,Straight,None,,,--,3.110481,Low,12.457502896395566,14.553439590276879,0.0005573933349901275,12.324094705818302
17,secondary,Rural/Arterial,80.0,49.7 mph (inf),2,2 (inferred),Two-way,0.5477987216692668,Straight,None,,,--,3.110481,Low,12.456219947018631,14.551940788598094,0.0005244104787665421,12.325377655195236
17,secondary,Rural/Arterial,80.0,49.7 mph (inf),2,2 (inferred),Two-way,0.5477987216692668,Straight,None,,,--,3.110481,Low,12.454936924831909,14.550441901859495,0.0004903154172085305,12.326660677381959
17,secondary,Rural/Arterial,80.0,49.7 mph (inf),2,2 (inferred),Two-way,0.5477987216692668,Straight,None,,,--,3.110481,Low,12.4536537431577,14.548942828800131,0.0004564667578404206,12.327943859056168
17,secondary,Rural/Arterial,80.0,49.7 mph (inf),2,2 (inferred),Two-way,0.5477987216692668,Straight,None,,,--,3.110481,Low,12.452370526145772,14.547443714457582,0.0004244209214076866,12.329227076068095
17,secondary,Rural/Arterial,80.0,49.7 mph (inf),2,2 (inferred),Two-way,0.5477987216692668,Straight,None,,,--,3.110481,Low,12.451087166591552,14.54594443359044,0.0003952015516122049,12.330510435622315
17,secondary,Rural/Arterial,80.0,49.7 mph (inf),2,2 (inferred),Two-way,0.5477987216692668,Straight,None,,,--,3.110481,Low,12.449169923109194,14.543704619766402,0.0006970658280807499,12.332427679104674
17,secondary,Rural/Arterial,80.0,49.7 mph (inf),2,2 (inferred),Two-way,0.5477987216692668,Straight,None,,,--,3.110481,Low,12.447889031225499,14.542208221747789,0.0006746096201998519,12.33370857098837
17,secondary,Rural/Arterial,80.0,49.7 mph (inf),2,2 (inferred),Two-way,0.5477987216692668,Straight,None,,,--,3.110481,Low,12.446609317971486,14.54071320065969,0.0006555737367954239,12.334988284242382
17,secondary,Rural/Arterial,80.0,49.7 mph (inf),2,2 (inferred),Two-way,0.5477987216692668,Straight,None,,,--,3.110481,Low,12.445324041151125,14.53921167995225,0.0006442584839340197,12.336273561062743
17,secondary,Rural/Arterial,80.0,49.7 mph (inf),2,2 (inferred),Two-way,0.5477987216692668,Straight,None,,,--,3.110481,Low,12.444039674394736,14.53771122242426,0.0006380871982612811,12.337557927819132
17,secondary,Rural/Arterial,80.0,49.7 mph (inf),2,2 (inferred),Two-way,0.5477987216692668,Straight,None,,,--,3.110481,Low,12.442757331882689,14.53621312971352,0.0006364278654857784,12.338840270331179
17,secondary,Rural/Arterial,80.0,49.7 mph (inf),2,2 (inferred),Two-way,0.5477987216692668,Straight,None,,,--,3.110481,Low,12.441473402974434,14.534713183700271,0.0006359842705250424,12.340124199239433
17,secondary,Rural/Arterial,80.0,49.7 mph (inf),2,2 (inferred),Two-way,0.5477987216692668,Straight,None,,,--,3.110481,Low,12.4401897432934,14.533213552210896,0.0006423816292164071,12.341407858920467
17,secondary,Rural/Arterial,80.0,49.7 mph (inf),2,2 (inferred),Two-way,0.5477987216692668,Straight,None,,,--,3.110481,Low,12.438906765517645,14.531714717355277,0.0006472618578123453,12.342690836696223
17,secondary,Rural/Arterial,80.0,49.7 mph (inf),2,2 (inferred),Two-way,0.5477987216692668,Straight,None,,,--,3.110481,Low,12.437622457426196,14.530214328362419,0.0006517170233323697,12.343975144787672
17,secondary,Rural/Arterial,80.0,49.7 mph (inf),2,2 (inferred),Two-way,0.5477987216692668,Straight,None,,,--,3.110481,Low,12.436336981301759,14.528712574818606,0.0006533341659120079,12.345260620912109
17,secondary,Rural/Arterial,80.0,49.7 mph (inf),2,2 (inferred),Two-way,0.5477987216692668,Straight,None,,,--,3.110481,Low,12.435054602650153,14.527214439887937,0.0006524179415812201,12.346542999563715
17,secondary,Rural/Arterial,80.0,49.7 mph (inf),2,2 (inferred),Two-way,0.5477987216692668,Straight,None,,,--,3.110481,Low,12.43376903205692,14.525712575981242,0.0006486521596653402,12.347828570156947
17,secondary,Rural/Arterial,80.0,49.7 mph (inf),2,2 (inferred),Two-way,0.5477987216692668,Straight,None,,,--,3.110481,Low,12.43248807165888,14.524216097920956,0.0006456462729887177,12.349109530554987
17,secondary,Rural/Arterial,80.0,49.7 mph (inf),2,2 (inferred),Two-way,0.5477987216692668,Straight,None,,,--,3.110481,Low,12.43120390165542,14.522715870248971,0.000636398105782327,12.350393700558447
17,secondary,Rural/Arterial,80.0,49.7 mph (inf),2,2 (inferred),Two-way,0.5477987216692668,Straight,None,,,--,3.110481,Low,12.429920620899546,14.521216681437753,0.0006277851312720753,12.351676981314322
17,secondary,Rural/Arterial,80.0,49.7 mph (inf),2,2 (inferred),Two-way,0.5477987216692668,Straight,None,,,--,3.110481,Low,12.42863648190231,14.519716489988694,0.0006159118938932778,12.352961120311559
17,secondary,Rural/Arterial,80.0,49.7 mph (inf),2,2 (inferred),Two-way,0.5477987216692668,Straight,None,,,--,3.110481,Low,12.42735178105993,14.518215642165767,0.0006058049074516105,12.354245821153938
17,secondary,Rural/Arterial,80.0,49.7 mph (inf),2,2 (inferred),Two-way,0.5477987216692668,Straight,None,,,--,3.110481,Low,12.426067819080831,14.516715657517608,0.000593911850456519,12.355529783133036
17,secondary,Rural/Arterial,80.0,49.7 mph (inf),2,2 (inferred),Two-way,0.5477987216692668,Straight,None,,,--,3.110481,Low,12.424787270043332,14.515219660028011,0.0005794233493476829,12.356810332170536
17,secondary,Rural/Arterial,80.0,49.7 mph (inf),2,2 (inferred),Two-way,0.5477987216692668,Straight,None,,,--,3.110481,Low,12.423502327046284,14.513718529308635,0.0005670071362754383,12.358095275167583
17,secondary,Rural/Arterial,80.0,49.7 mph (inf),2,2 (inferred),Two-way,0.5477987216692668,Straight,None,,,--,3.110481,Low,12.422220266520458,14.512220766027434,0.000557976079666932,12.35937733569341
17,secondary,Rural/Arterial,80.0,49.7 mph (inf),2,2 (inferred),Two-way,0.5477987216692668,Straight,None,,,--,3.110481,Low,12.420936673610516,14.510721212543183,0.0005515211301603347,12.360660928603352
17,secondary,Rural/Arterial,80.0,49.7 mph (inf),2,2 (inferred),Two-way,0.5477987216692668,Straight,None,,,--,3.110481,Low,12.419654178191651,14.509222941199521,0.0005420324809322036,12.361943424022217
17,secondary,Rural/Arterial,80.0,49.7 mph (inf),2,2 (inferred),Two-way,0.5477987216692668,Straight,None,,,--,3.110481,Low,12.418375511972709,14.507729143306937,0.0005334002770520978,12.363222090241159
17,secondary,Rural/Arterial,80.0,49.7 mph (inf),2,2 (inferred),Two-way,0.5477987216692668,Straight,None,,,--,3.110481,Low,12.417094218131266,14.506232275702416,0.0005280118718315,12.364503384082601
17,secondary,Rural/Arterial,80.0,49.7 mph (inf),2,2 (inferred),Two-way,0.5477987216692668,Straight,None,,,--,3.110481,Low,12.41581241860324,14.504734817331094,0.0005238465995978107,12.365785183610628
17,secondary,Rural/Arterial,80.0,49.7 mph (inf),2,2 (inferred),Two-way,0.5477987216692668,Straight,None,,,--,3.110481,Low,12.414532565470841,14.5032396328305,0.0005234167449486657,12.367065036743027
17,secondary,Rural/Arterial,80.0,49.7 mph (inf),2,2 (inferred),Two-way,0.5477987216692668,Straight,None,,,--,3.110481,Low,12.41325302400648,14.501744812435136,0.0005243548234982778,12.368344578207388
17,secondary,Rural/Arterial,80.0,49.7 mph (inf),2,2 (inferred),Two-way,0.5477987216692668,Straight,None,,,--,3.110481,Low,12.411973382018177,14.500249874602986,0.0005255221800419439,12.369624220195691
17,secondary,Rural/Arterial,80.0,49.7 mph (inf),2,2 (inferred),Two-way,0.5477987216692668,Straight,None,,,--,3.110481,Low,12.410691370528175,14.498752168607735,0.0005266743863978792,12.370906231685693
17,secondary,Rural/Arterial,80.0,49.7 mph (inf),2,2 (inferred),Two-way,0.5477987216692668,Straight,None,,,--,3.110481,Low,12.40941096385137,14.497256337430585,0.0005302056027273626,12.372186638362498
17,secondary,Rural/Arterial,80.0,49.7 mph (inf),2,2 (inferred),Two-way,0.5477987216692668,Straight,None,,,--,3.110481,Low,12.408129424373861,14.495759182862482,0.0005349206220122419,12.373468177840007
17,secondary,Rural/Arterial,80.0,49.7 mph (inf),2,2 (inferred),Two-way,0.5477987216692668,Straight,None,,,--,3.110481,Low,12.406850737330805,14.49426536064219,0.0005395551539539753,12.374746864883063
17,secondary,Rural/Arterial,80.0,49.7 mph (inf),2,2 (inferred),Two-way,0.5477987216692668,Straight,None,,,--,3.110481,Low,12.405569362330503,14.492768398224083,0.0005404514293597853,12.376028239883365
17,secondary,Rural/Arterial,80.0,49.7 mph (inf),2,2 (inferred),Two-way,0.5477987216692668,Straight,None,,,--,3.110481,Low,12.404287155729218,14.491270464290674,0.0005394805725822586,12.37731044648465
17,secondary,Rural/Arterial,80.0,49.7 mph (inf),2,2 (inferred),Two-way,0.5477987216692668,Straight,None,,,--,3.110481,Low,12.403007534432184,14.489775550631034,0.0005368511126075692,12.378590067781683
17,secondary,Rural/Arterial,80.0,49.7 mph (inf),2,2 (inferred),Two-way,0.5477987216692668,Straight,None,,,--,3.110481,Low,12.40172583720911,14.488278211777159,0.0005306810968881199,12.379871765004758
17,secondary,Rural/Arterial,80.0,49.7 mph (inf),2,2 (inferred),Two-way,0.5477987216692668,Straight,None,,,--,3.110481,Low,12.400445497309866,14.486782458612689,0.0005209895160797861,12.381152104904002
17,secondary,Rural/Arterial,80.0,49.7 mph (inf),2,2 (inferred),Two-way,0.5477987216692668,Straight,None,,,--,3.110481,Low,12.399162781112423,14.48528392934513,0.0005113407232938711,12.382434821101445
17,secondary,Rural/Arterial,80.0,49.7 mph (inf),2,2 (inferred),Two-way,0.5477987216692668,Straight,None,,,--,3.110481,Low,12.397882931741329,14.48378874923867,0.0005006773160389716,12.38371467047254
17,secondary,Rural/Arterial,80.0,49.7 mph (inf),2,2 (inferred),Two-way,0.5477987216692668,Straight,None,,,--,3.110481,Low,12.396602361653073,14.482292727156594,0.0004907000363014519,12.384995240560794
17,secondary,Rural/Arterial,80.0,49.7 mph (inf),2,2 (inferred),Two-way,0.5477987216692668,Straight,None,,,--,3.110481,Low,12.395322475390934,14.480797503952282,0.00047629916331164173,12.386275126822934
17,secondary,Rural/Arterial,80.0,49.7 mph (inf),2,2 (inferred),Two-way,0.5477987216692668,Straight,None,,,--,3.110481,Low,12.394044035512959,14.479303970481837,0.00046270188633179175,12.387553566700909
17,secondary,Rural/Arterial,80.0,49.7 mph (inf),2,2 (inferred),Two-way,0.5477987216692668,Straight,None,,,--,3.110481,Low,12.39276126534261,14.477805378160596,0.00045261560440876063,12.388836336871258
17,secondary,Rural/Arterial,80.0,49.7 mph (inf),2,2 (inferred),Two-way,0.5477987216692668,Straight,None,,,--,3.110481,Low,12.391480652962167,14.476309306670801,0.00044019107696255746,12.3901169492517
17,secondary,Rural/Arterial,80.0,49.7 mph (inf),2,2 (inferred),Two-way,0.5477987216692668,Straight,None,,,--,3.110481,Low,12.390200026567376,14.474813218808787,0.00042916269576322353,12.391397575646492
17,secondary,Rural/Arterial,80.0,49.7 mph (inf),2,2 (inferred),Two-way,0.5477987216692668,Straight,None,,,--,3.110481,Low,12.388919857531068,14.47331766525442,0.0004227082833722815,12.3926777446828
17,secondary,Rural/Arterial,80.0,49.7 mph (inf),2,2 (inferred),Two-way,0.5477987216692668,Straight,None,,,--,3.110481,Low,12.387639446497579,14.471821828987586,0.0004155268832989948,12.39395815571629
17,secondary,Rural/Arterial,80.0,49.7 mph (inf),2,2 (inferred),Two-way,0.5477987216692668,Straight,None,,,--,3.110481,Low,12.386359996492386,14.470327115439115,0.00041369661611529855,12.395237605721482
17,secondary,Rural/Arterial,80.0,49.7 mph (inf),2,2 (inferred),Two-way,0.5477987216692668,Straight,None,,,--,3.110481,Low,12.385078775508397,14.468830332950093,0.00041125097838067524,12.39651882670547
17,secondary,Rural/Arterial,80.0,49.7 mph (inf),2,2 (inferred),Two-way,0.5477987216692668,Straight,None,,,--,3.110481,Low,12.383798212051047,14.46733431861455,0.000411466188531304,12.39779939016282
17,secondary,Rural/Arterial,80.0,49.7 mph (inf),2,2 (inferred),Two-way,0.5477987216692668,Straight,None,,,--,3.110481,Low,12.3825184443076,14.465839233869337,0.0004129741168997466,12.399079157906268
17,secondary,Rural/Arterial,80.0,49.7 mph (inf),2,2 (inferred),Two-way,0.5477987216692668,Straight,None,,,--,3.110481,Low,12.38123780842471,14.464343134922881,0.0004176428052600996,12.400359793789157
17,secondary,Rural/Arterial,80.0,49.7 mph (inf),2,2 (inferred),Two-way,0.5477987216692668,Straight,None,,,--,3.110481,Low,12.379956899779534,14.46284671732272,0.0004221743486340926,12.401640702434333
17,secondary,Rural/Arterial,80.0,49.7 mph (inf),2,2 (inferred),Two-way,0.5477987216692668,Straight,None,,,--,3.110481,Low,12.37867676089128,14.461351198988723,0.00043105239566241203,12.402920841322588
17,secondary,Rural/Arterial,80.0,49.7 mph (inf),2,2 (inferred),Two-way,0.5477987216692668,Straight,None,,,--,3.110481,Low,12.377395900298898,14.459854837526091,0.0004376610642007878,12.40420170191497
17,secondary,Rural/Arterial,80.0,49.7 mph (inf),2,2 (inferred),Two-way,0.5477987216692668,Straight,None,,,--,3.110481,Low,12.376117843530388,14.458361751622105,0.00044910648498530106,12.40547975868348
17,secondary,Rural/Arterial,80.0,49.7 mph (inf),2,2 (inferred),Two-way,0.5477987216692668,Straight,None,,,--,3.110481,Low,12.374837312625557,14.456865775315945,0.0004628728349664455,12.406760289588311
17,secondary,Rural/Arterial,80.0,49.7 mph (inf),2,2 (inferred),Two-way,0.5477987216692668,Straight,None,,,--,3.110481,Low,12.373557564507125,14.455370713497597,0.0004800503596490075,12.408040037706742
17,secondary,Rural/Arterial,80.0,49.7 mph (inf),2,2 (inferred),Two-way,0.5477987216692668,Straight,None,,,--,3.110481,Low,12.372277466128445,14.453875242488785,0.0004957877760793197,12.409320136085423
17,secondary,Rural/Arterial,80.0,49.7 mph (inf),2,2 (inferred),Two-way,0.5477987216692668,Straight,None,,,--,3.110481,Low,12.370997811403953,14.452380289777622,0.0005129680463696575,12.410599790809915
17,secondary,Rural/Arterial,80.0,49.7 mph (inf),2,2 (inferred),Two-way,0.5477987216692668,Straight,None,,,--,3.110481,Low,12.369718028041508,14.45088518678556,0.0005286019012312893,12.41187957417236
17,secondary,Rural/Arterial,80.0,49.7 mph (inf),2,2 (inferred),Two-way,0.5477987216692668,Straight,None,,,--,3.110481,Low,12.36844117582474,14.449393508095461,0.0005457487419011753,12.413156426389127
17,secondary,Rural/Arterial,80.0,49.7 mph (inf),2,2 (inferred),Two-way,0.5477987216692668,Straight,None,,,--,3.110481,Low,12.367158807548645,14.44789538528595,0.0005631855167951163,12.414438794665223
17,secondary,Rural/Arterial,80.0,49.7 mph (inf),2,2 (inferred),Two-way,0.5477987216692668,Straight,None,,,--,3.110481,Low,12.365880333798879,14.44640181224489,0.0005766363517394976,12.415717268414989
17,secondary,Rural/Arterial,80.0,49.7 mph (inf),2,2 (inferred),Two-way,0.5477987216692668,Straight,None,,,--,3.110481,Low,12.36460007035758,14.44490614840218,0.0006008465210850142,12.416997531856287
17,secondary,Rural/Arterial,80.0,49.7 mph (inf),2,2 (inferred),Two-way,0.5477987216692668,Straight,None,,,--,3.110481,Low,12.363321056981109,14.443411944943877,0.0006222890629183352,12.418276545232759
17,secondary,Rural/Arterial,80.0,49.7 mph (inf),2,2 (inferred),Two-way,0.5477987216692668,Straight,None,,,--,3.110481,Low,12.362044613394612,14.441920743634837,0.00063959064027694,12.419552988819255
17,secondary,Rural/Arterial,80.0,49.7 mph (inf),2,2 (inferred),Two-way,0.5477987216692668,Straight,None,,,--,3.110481,Low,12.360766333331917,14.440427396868104,0.000660369396140398,12.420831268881951
17,secondary,Rural/Arterial,80.0,49.7 mph (inf),2,2 (inferred),Two-way,0.5477987216692668,Straight,None,,,--,3.110481,Low,12.359487363927414,14.438933244779918,0.0006780194909654098,12.422110238286454
17,secondary,Rural/Arterial,80.0,49.7 mph (inf),2,2 (inferred),Two-way,0.5477987216692668,Straight,None,,,--,3.110481,Low,12.358210056586673,14.437441034392627,0.0006965888538529246,12.423387545627195
17,secondary,Rural/Arterial,80.0,49.7 mph (inf),2,2 (inferred),Two-way,0.5477987216692668,Straight,None,,,--,3.110481,Low,12.356929754020811,14.435945324842766,0.0007133678197319431,12.424667848193057
17,secondary,Rural/Arterial,80.0,49.7 mph (inf),2,2 (inferred),Two-way,0.5477987216692668,Straight,None,,,--,3.110481,Low,12.355655073015564,14.43445618266387,0.000733755778511565,12.425942529198304
17,secondary,Rural/Arterial,80.0,49.7 mph (inf),2,2 (inferred),Two-way,0.5477987216692668,Straight,None,,,--,3.110481,Low,12.354376776748774,14.432962816966755,0.0007494587524591752,12.427220825465094
17,secondary,Rural/Arterial,80.0,49.7 mph (inf),2,2 (inferred),Two-way,0.5477987216692668,Straight,None,,,--,3.110481,Low,12.35309965740473,14.431470826206032,0.0007665841416628902,12.428497944809138
17,secondary,Rural/Arterial,80.0,49.7 mph (inf),2,2 (inferred),Two-way,0.5477987216692668,Straight,None,,,--,3.110481,Low,12.351822873795786,14.42997922766681,0.0007824868921742164,12.429774728418082
17,secondary,Rural/Arterial,80.0,49.7 mph (inf),2,2 (inferred),Two-way,0.5477987216692668,Straight,None,,,--,3.110481,Low,12.350549317536062,14.428491399468424,0.0007946193909450828,12.431048284677805
17,secondary,Rural/Arterial,80.0,49.7 mph (inf),2,2 (inferred),Two-way,0.5477987216692668,Straight,None,,,--,3.110481,Low,12.349272565495943,14.426999837809383,0.000803365631736429,12.432325036717925
17,secondary,Rural/Arterial,80.0,49.7 mph (inf),2,2 (inferred),Two-way,0.5477987216692668,Straight,None,,,--,3.110481,Low,12.347996026645973,14.425508525209084,0.0008165695004323852,12.433601575567895
17,secondary,Rural/Arterial,80.0,49.7 mph (inf),2,2 (inferred),Two-way,0.5477987216692668,Straight,None,,,--,3.110481,Low,12.346720585604432,14.424018495120118,0.0008320751233262203,12.434877016609436
17,secondary,Rural/Arterial,80.0,49.7 mph (inf),2,2 (inferred),Two-way,0.5477987216692668,Straight,None,,,--,3.110481,Low,12.345445913250767,14.422529363048406,0.0008499490380902659,12.4361516889631
17,secondary,Rural/Arterial,80.0,49.7 mph (inf),2,2 (inferred),Two-way,0.5477987216692668,Straight,None,,,--,3.110481,Low,12.344173079124891,14.421042378480676,0.0008632244828446131,12.437424523088977
17,secondary,Rural/Arterial,80.0,49.7 mph (inf),2,2 (inferred),Two-way,0.5477987216692668,Straight,None,,,--,3.110481,Low,12.342897727476535,14.419552452825023,0.0008799044150204758,12.438699874737333
17,secondary,Rural/Arterial,80.0,49.7 mph (inf),2,2 (inferred),Two-way,0.5477987216692668,Straight,None,,,--,3.110481,Low,12.341623302930527,14.41806361025385,0.0008945600586054529,12.43997429928334
17,secondary,Rural/Arterial,80.0,49.7 mph (inf),2,2 (inferred),Two-way,0.5477987216692668,Straight,None,,,--,3.110481,Low,12.340350298023349,14.416576426171387,0.0009105432360740069,12.441247304190519
17,secondary,Rural/Arterial,80.0,49.7 mph (inf),2,2 (inferred),Two-way,0.5477987216692668,Straight,None,,,--,3.110481,Low,12.339077406319296,14.41508937433813,0.0009269903301123449,12.442520195894572
17,secondary,Rural/Arterial,80.0,49.7 mph (inf),2,2 (inferred),Two-way,0.5477987216692668,Straight,None,,,--,3.110481,Low,12.33780377314463,14.413601456284098,0.0009413441169617187,12.443793829069238
17,secondary,Rural/Arterial,80.0,49.7 mph (inf),2,2 (inferred),Two-way,0.5477987216692668,Straight,None,,,--,3.110481,Low,12.336532480149849,14.41211627213805,0.00095733689965084,12.445065122064019
17,secondary,Rural/Arterial,80.0,49.7 mph (inf),2,2 (inferred),Two-way,0.5477987216692668,Straight,None,,,--,3.110481,Low,12.33525954991369,14.410629175289777,0.0009693017140905396,12.446338052300177
17,secondary,Rural/Arterial,80.0,49.7 mph (inf),2,2 (inferred),Two-way,0.5477987216692668,Straight,None,,,--,3.110481,Low,12.3339874991567,14.40914310589035,0.0009855534399794829,12.447610103057167
17,secondary,Rural/Arterial,80.0,49.7 mph (inf),2,2 (inferred),Two-way,0.5477987216692668,Straight,None,,,--,3.110481,Low,12.332717159391839,14.407659035352234,0.0010004336838933601,12.448880442822029
17,secondary,Rural/Arterial,80.0,49.7 mph (inf),2,2 (inferred),Two-way,0.5477987216692668,Straight,None,,,--,3.110481,Low,12.331446779446868,14.406174917873827,0.0010155452535832489,12.450150822767
17,secondary,Rural/Arterial,80.0,49.7 mph (inf),2,2 (inferred),Two-way,0.5477987216692668,Straight,None,,,--,3.110481,Low,12.33017792144665,14.404692578402715,0.0010295050064709809,12.451419680767218
17,secondary,Rural/Arterial,80.0,49.7 mph (inf),2,2 (inferred),Two-way,0.5477987216692668,Straight,None,,,--,3.110481,Low,12.328906900693669,14.403207712302315,0.0010436964743595592,12.452690701520199
17,secondary,Rural/Arterial,80.0,49.7 mph (inf),2,2 (inferred),Two-way,0.5477987216692668,Straight,None,,,--,3.110481,Low,12.327638628083449,14.401726056711276,0.0010580878886867267,12.453958974130419
17,secondary,Rural/Arterial,80.0,49.7 mph (inf),2,2 (inferred),Two-way,0.5477987216692668,Straight,None,,,--,3.110481,Low,12.326367718406566,14.400241320375187,0.0010691239993794257,12.455229883807302
17,secondary,Rural/Arterial,80.0,49.7 mph (inf),2,2 (inferred),Two-way,0.5477987216692668,Straight,None,,,--,3.110481,Low,12.325099959348703,14.398760264740115,0.0010812412055770876,12.456497642865164
17,secondary,Rural/Arterial,80.0,49.7 mph (inf),2,2 (inferred),Two-way,0.5477987216692668,Straight,None,,,--,3.110481,Low,12.323833032831892,14.397280181718576,0.001095446940504235,12.457764569381975
17,secondary,Rural/Arterial,80.0,49.7 mph (inf),2,2 (inferred),Two-way,0.5477987216692668,Straight,None,,,--,3.110481,Low,12.322566502363772,14.395800561379707,0.0011072606054465953,12.459031099850096
17,secondary,Rural/Arterial,80.0,49.7 mph (inf),2,2 (inferred),Two-way,0.5477987216692668,Straight,None,,,--,3.110481,Low,12.321298751502605,14.394319515320399,0.0011250631241667508,12.460298850711263
17,secondary,Rural/Arterial,80.0,49.7 mph (inf),2,2 (inferred),Two-way,0.5477987216692668,Straight,None,,,--,3.110481,Low,12.32003810751071,14.392846771839343,0.0011391459014438363,12.461559494703158
17,secondary,Rural/Arterial,80.0,49.7 mph (inf),2,2 (inferred),Two-way,0.5477987216692668,Straight,None,,,--,3.110481,Low,12.318772310419606,14.391368008265927,0.0011459590961036869,12.462825291794262
17,secondary,Rural/Arterial,80.0,49.7 mph (inf),2,2 (inferred),Two-way,0.5477987216692668,Straight,None,,,--,3.110481,Low,12.317503623889708,14.389885869114492,0.0011582980721771443,12.46409397832416
17,secondary,Rural/Arterial,80.0,49.7 mph (inf),2,2 (inferred),Two-way,0.5477987216692668,Straight,None,,,--,3.110481,Low,12.316251640945545,14.388423243875913,0.0011738581590590544,12.465345961268323
17,secondary,Rural/Arterial,80.0,49.7 mph (inf),2,2 (inferred),Two-way,0.5477987216692668,Straight,None,,,--,3.110481,Low,12.314985484144652,14.386944060072636,0.0011902827398152702,12.466612118069216
17,secondary,Rural/Arterial,80.0,49.7 mph (inf),2,2 (inferred),Two-way,0.5477987216692668,Straight,None,,,--,3.110481,Low,12.313717583488835,14.385462839016188,0.0012135092701567776,12.467880018725033
17,secondary,Rural/Arterial,80.0,49.7 mph (inf),2,2 (inferred),Two-way,0.5477987216692668,Straight,None,,,--,3.110481,Low,12.312460976462711,14.383994811708027,0.0012235860891331104,12.469136625751156
17,secondary,Rural/Arterial,80.0,49.7 mph (inf),2,2 (inferred),Two-way,0.5477987216692668,Straight,None,,,--,3.110481,Low,12.31120218275954,14.382524229821106,0.001251056606800248,12.470395419454327
17,secondary,Rural/Arterial,80.0,49.7 mph (inf),2,2 (inferred),Two-way,0.5477987216692668,Straight,None,,,--,3.110481,Low,12.309945879448723,14.381056557327419,0.0012351540919759087,12.471651722765145
17,secondary,Rural/Arterial,80.0,49.7 mph (inf),2,2 (inferred),Two-way,0.5477987216692668,Straight,None,,,--,3.110481,Low,12.308688182820967,14.37958725709549,0.0012553187680088755,12.4729094193929
17,secondary,Rural/Arterial,80.0,49.7 mph (inf),2,2 (inferred),Two-way,0.5477987216692668,Straight,None,,,--,3.110481,Low,12.307425871267894,14.378112565491197,0.0012649564422060092,12.474171730945974
17,secondary,Rural/Arterial,80.0,49.7 mph (inf),2,2 (inferred),Two-way,0.5477987216692668,Straight,None,,,--,3.110481,Low,12.306181683094183,14.376659046469317,0.0012698917010316485,12.475415919119685
17,secondary,Rural/Arterial,80.0,49.7 mph (inf),2,2 (inferred),Two-way,0.5477987216692668,Straight,None,,,--,3.110481,Low,12.304922110882991,14.375187555092786,0.0012806108924729401,12.476675491330877
17,secondary,Rural/Arterial,80.0,49.7 mph (inf),2,2 (inferred),Two-way,0.5477987216692668,Straight,None,,,--,3.110481,Low,12.303669300790032,14.37372396354016,0.001297343018007268,12.477928301423836
17,secondary,Rural/Arterial,80.0,49.7 mph (inf),2,2 (inferred),Two-way,0.5477987216692668,Straight,None,,,--,3.110481,Low,12.3024168787151,14.372260825288405,0.0013150388451483469,12.479180723498768
17,secondary,Rural/Arterial,80.0,49.7 mph (inf),2,2 (inferred),Two-way,0.5477987216692668,Straight,None,,,--,3.110481,Low,12.301164251058616,14.370797446866634,0.001329023815289492,12.480433351155252
17,secondary,Rural/Arterial,80.0,49.7 mph (inf),2,2 (inferred),Two-way,0.5477987216692668,Straight,None,,,--,3.110481,Low,12.299917189757831,14.369340571322853,0.0013330305477191437,12.481680412456036
17,secondary,Rural/Arterial,80.0,49.7 mph (inf),2,2 (inferred),Two-way,0.5477987216692668,Straight,None,,,--,3.110481,Low,12.298663453154267,14.36787589737705,0.001338637236825489,12.4829341490596
17,secondary,Rural/Arterial,80.0,49.7 mph (inf),2,2 (inferred),Two-way,0.5477987216692668,Straight,None,,,--,3.110481,Low,12.297415015632536,14.366417414067365,0.0013525431973432289,12.484182586581332
17,secondary,Rural/Arterial,80.0,49.7 mph (inf),2,2 (inferred),Two-way,0.5477987216692668,Straight,None,,,--,3.110481,Low,12.296168715639858,14.364961427919448,0.0013563308761965552,12.48542888657401
17,secondary,Rural/Arterial,80.0,49.7 mph (inf),2,2 (inferred),Two-way,0.5477987216692668,Straight,None,,,--,3.110481,Low,12.294920063478262,14.363502693857399,0.0013666958782096977,12.486677538735606
17,secondary,Rural/Arterial,80.0,49.7 mph (inf),2,2 (inferred),Two-way,0.5477987216692668,Straight,None,,,--,3.110481,Low,12.29367685765274,14.362050322460778,0.0013656570123818771,12.487920744561128
17,secondary,Rural/Arterial,80.0,49.7 mph (inf),2,2 (inferred),Two-way,0.5477987216692668,Straight,None,,,--,3.110481,Low,12.292429710633677,14.360593346776882,0.0013693983714680553,12.489167891580191
17,secondary,Rural/Arterial,80.0,49.7 mph (inf),2,2 (inferred),Two-way,0.5477987216692668,Straight,None,,,--,3.110481,Low,12.291185752278341,14.359140096239615,0.0013724771587311489,12.490411849935526
17,secondary,Rural/Arterial,80.0,49.7 mph (inf),2,2 (inferred),Two-way,0.5477987216692668,Straight,None,,,--,3.110481,Low,12.288699966101408,14.356236084154592,0.0013755236961900772,12.49289763611246
17,secondary,Rural/Arterial,80.0,49.7 mph (inf),2,2 (inferred),Two-way,0.5477987216692668,Straight,None,,,--,3.110481,Low,12.286221406037024,14.353340513953414,0.0013879369423233378,12.495376196176844
17,secondary,Rural/Arterial,80.0,49.7 mph (inf),2,2 (inferred),Two-way,0.5477987216692668,Straight,None,,,--,3.110481,Low,12.283747829098221,14.350450765273429,0.0013933159874218357,12.497849773115647
17,secondary,Rural/Arterial,80.0,49.7 mph (inf),2,2 (inferred),Two-way,0.5477987216692668,Straight,None,,,--,3.110481,Low,12.281277069340995,14.347564307757189,0.0014011958093218442,12.500320532872873
17,secondary,Rural/Arterial,80.0,49.7 mph (inf),2,2 (inferred),Two-way,0.5477987216692668,Straight,None,,,--,3.110481,Low,12.278811018944403,14.344683351937082,0.0013891855233762592,12.502786583269465
17,secondary,Rural/Arterial,80.0,49.7 mph (inf),2,2 (inferred),Two-way,0.5477987216692668,Straight,None,,,--,3.110481,Low,12.276341406521407,14.341798234790543,0.0013829905771820994,12.50525619569246
17,secondary,Rural/Arterial,80.0,49.7 mph (inf),2,2 (inferred),Two-way,0.5477987216692668,Straight,None,,,--,3.110481,Low,12.27388233105328,14.338925427409242,0.0013636023252792686,12.507715271160588
17,secondary,Rural/Arterial,80.0,49.7 mph (inf),2,2 (inferred),Two-way,0.5477987216692668,Straight,None,,,--,3.110481,Low,12.271426472954468,14.336056378709788,0.0013330269463283817,12.5101711292594
17,secondary,Rural/Arterial,80.0,49.7 mph (inf),2,2 (inferred),Two-way,0.5477987216692668,Straight,None,,,--,3.110481,Low,12.26897166500807,14.333188556847674,0.0012976928215179386,12.512625937205797
17,secondary,Rural/Arterial,80.0,49.7 mph (inf),2,2 (inferred),Two-way,0.5477987216692668,Straight,None,,,--,3.110481,Low,12.266526174839475,14.33033162045093,0.0012625725575062879,12.515071427374393
17,secondary,Rural/Arterial,80.0,49.7 mph (inf),2,2 (inferred),Two-way,0.5477987216692668,Straight,None,,,--,3.110481,Low,12.26407732206752,14.327470755703112,0.0012307505724278164,12.517520280146348
17,secondary,Rural/Arterial,80.0,49.7 mph (inf),2,2 (inferred),Two-way,0.5477987216692668,Straight,None,,,--,3.110481,Low,12.26163678502463,14.324619605780295,0.001225585600319754,12.519960817189238
17,secondary,Rural/Arterial,80.0,49.7 mph (inf),2,2 (inferred),Two-way,0.5477987216692668,Straight,None,,,--,3.110481,Low,12.259200631536462,14.321773576931855,0.0012342476724187615,12.522396970677406
17,secondary,Rural/Arterial,80.0,49.7 mph (inf),2,2 (inferred),Two-way,0.5477987216692668,Straight,None,,,--,3.110481,Low,12.256770222347212,14.318934258843024,0.0012453930490628963,12.524827379866656
17,secondary,Rural/Arterial,80.0,49.7 mph (inf),2,2 (inferred),Two-way,0.5477987216692668,Straight,None,,,--,3.110481,Low,12.254349471535805,14.316106224124516,0.0012707636627445518,12.527248130678062
17,secondary,Rural/Arterial,80.0,49.7 mph (inf),2,2 (inferred),Two-way,0.5477987216692668,Straight,None,,,--,3.110481,Low,12.25192090584135,14.31326905969283,0.001300118492876238,12.529676696372517
17,secondary,Rural/Arterial,80.0,49.7 mph (inf),2,2 (inferred),Two-way,0.5477987216692668,Straight,None,,,--,3.110481,Low,12.249496035500298,14.310436212346435,0.0013483564210224118,12.53210156671357
17,secondary,Rural/Arterial,80.0,49.7 mph (inf),2,2 (inferred),Two-way,0.5477987216692668,Straight,None,,,--,3.110481,Low,12.24708005249195,14.307613747599243,0.001411359634793004,12.534517549721917
17,secondary,Rural/Arterial,80.0,49.7 mph (inf),2,2 (inferred),Two-way,0.5477987216692668,Straight,None,,,--,3.110481,Low,12.244658614361995,14.304784909922947,0.0014672482788455525,12.536938987851872
17,secondary,Rural/Arterial,80.0,49.7 mph (inf),2,2 (inferred),Two-way,0.5477987216692668,Straight,None,,,--,3.110481,Low,12.242246349139704,14.301966788467922,0.0015023439849695046,12.539351253074164
17,secondary,Rural/Arterial,80.0,49.7 mph (inf),2,2 (inferred),Two-way,0.5477987216692668,Straight,None,,,--,3.110481,Low,12.239839155186294,14.299154591507232,0.0015338164899113172,12.541758447027574
17,secondary,Rural/Arterial,80.0,49.7 mph (inf),2,2 (inferred),Two-way,0.5477987216692668,Straight,None,,,--,3.110481,Low,12.23743106636537,14.296341349120311,0.0015770170239062695,12.544166535848499
17,secondary,Rural/Arterial,80.0,49.7 mph (inf),2,2 (inferred),Two-way,0.5477987216692668,Straight,None,,,--,3.110481,Low,12.23501860664891,14.293523000448074,0.0016160838718335534,12.546578995564957
17,secondary,Rural/Arterial,80.0,49.7 mph (inf),2,2 (inferred),Two-way,0.5477987216692668,Straight,None,,,--,3.110481,Low,12.232613764416087,14.290713550877753,0.0016439764650787384,12.548983837797781
17,secondary,Rural/Arterial,80.0,49.7 mph (inf),2,2 (inferred),Two-way,0.5477987216692668,Straight,None,,,--,3.110481,Low,12.230208080447829,14.28790311795259,0.0016593366349665444,12.551389521766039
17,secondary,Rural/Arterial,80.0,49.7 mph (inf),2,2 (inferred),Two-way,0.5477987216692668,Straight,None,,,--,3.110481,Low,12.227803669917082,14.285094172716896,0.001680312483986432,12.553793932296786
17,secondary,Rural/Arterial,80.0,49.7 mph (inf),2,2 (inferred),Two-way,0.5477987216692668,Straight,None,,,--,3.110481,Low,12.225398476481876,14.28228431285547,0.0016997522859968132,12.556199125731991
17,secondary,Rural/Arterial,80.0,49.7 mph (inf),2,2 (inferred),Two-way,0.5477987216692668,Straight,None,,,--,3.110481,Low,12.222996927370556,14.279478710464256,0.0017108887340879719,12.558600674843312
17,secondary,Rural/Arterial,80.0,49.7 mph (inf),2,2 (inferred),Two-way,0.5477987216692668,Straight,None,,,--,3.110481,Low,12.220593526705688,14.276670945001282,0.0017207892387194827,12.56100407550818
17,secondary,Rural/Arterial,80.0,49.7 mph (inf),2,2 (inferred),Two-way,0.5477987216692668,Straight,None,,,--,3.110481,Low,12.21818722616301,14.273859791764945,0.0017328457480934138,12.563410376050857
17,secondary,Rural/Arterial,80.0,49.7 mph (inf),2,2 (inferred),Two-way,0.5477987216692668,Straight,None,,,--,3.110481,Low,12.21578238420798,14.271050342519153,0.0017487305276321608,12.565815218005888
17,secondary,Rural/Arterial,80.0,49.7 mph (inf),2,2 (inferred),Two-way,0.5477987216692668,Straight,None,,,--,3.110481,Low,12.213377642326646,14.268241010184154,0.0017706838110744258,12.568219959887221
17,secondary,Rural/Arterial,80.0,49.7 mph (inf),2,2 (inferred),Two-way,0.5477987216692668,Straight,None,,,--,3.110481,Low,12.210969116325685,14.265427257062994,0.001793977569104329,12.570628485888182
17,secondary,Rural/Arterial,80.0,49.7 mph (inf),2,2 (inferred),Two-way,0.5477987216692668,Straight,None,,,--,3.110481,Low,12.208559665436306,14.262612423443773,0.0018234944872208621,12.573037936777562
17,secondary,Rural/Arterial,80.0,49.7 mph (inf),2,2 (inferred),Two-way,0.5477987216692668,Straight,None,,,--,3.110481,Low,12.206149806318747,14.25979711291323,0.0018475740511483788,12.575447795895121
17,secondary,Rural/Arterial,80.0,49.7 mph (inf),2,2 (inferred),Two-way,0.5477987216692668,Straight,None,,,--,3.110481,Low,12.203739950128732,14.256981805802784,0.0018743590833002794,12.577857652085136
17,secondary,Rural/Arterial,80.0,49.7 mph (inf),2,2 (inferred),Two-way,0.5477987216692668,Straight,None,,,--,3.110481,Low,12.201328945653785,14.254165157211984,0.0019102304264133792,12.580268656560083
17,secondary,Rural/Arterial,80.0,49.7 mph (inf),2,2 (inferred),Two-way,0.5477987216692668,Straight,None,,,--,3.110481,Low,12.198919422399483,14.251350239052663,0.0019580842198230522,12.582678179814385
17,secondary,Rural/Arterial,80.0,49.7 mph (inf),2,2 (inferred),Two-way,0.5477987216692668,Straight,None,,,--,3.110481,Low,12.19650641452813,14.24853125000015,0.002025381671715413,12.585091187685737
17,secondary,Rural/Arterial,80.0,49.7 mph (inf),2,2 (inferred),Two-way,0.5477987216692668,Straight,None,,,--,3.110481,Low,12.194094253619642,14.245713250409407,0.002101099994698193,12.587503348594225
17,secondary,Rural/Arterial,80.0,49.7 mph (inf),2,2 (inferred),Two-way,0.5477987216692668,Straight,None,,,--,3.110481,Low,12.191682704105277,14.242895965077976,0.002180540829935293,12.58991489810859
17,secondary,Rural/Arterial,80.0,49.7 mph (inf),2,2 (inferred),Two-way,0.5477987216692668,Straight,None,,,--,3.110481,Low,12.189269561138438,14.240076818200576,0.0022512946006952622,12.59232804107543
17,secondary,Rural/Arterial,80.0,49.7 mph (inf),2,2 (inferred),Two-way,0.5477987216692668,Straight,None,,,--,3.110481,Low,12.186855021631079,14.23725603981899,0.0023075349250162584,12.594742580582789
17,secondary,Rural/Arterial,80.0,49.7 mph (inf),2,2 (inferred),Two-way,0.5477987216692668,Straight,None,,,--,3.110481,Low,12.1844403717626,14.234435132508365,0.002352745744081102,12.597157230451268
17,secondary,Rural/Arterial,80.0,49.7 mph (inf),2,2 (inferred),Two-way,0.5477987216692668,Straight,None,,,--,3.110481,Low,12.1820258780081,14.231614407577416,0.002382884461682955,12.599571724205768
17,secondary,Rural/Arterial,80.0,49.7 mph (inf),2,2 (inferred),Two-way,0.5477987216692668,Straight,None,,,--,3.110481,Low,12.179612125403905,14.228794548493042,0.0023986277055791203,12.601985476809963
17,secondary,Rural/Arterial,80.0,49.7 mph (inf),2,2 (inferred),Two-way,0.5477987216692668,Straight,None,,,--,3.110481,Low,12.177200510881471,14.225977187216134,0.0024015232454498857,12.604397091332396
17,secondary,Rural/Arterial,80.0,49.7 mph (inf),2,2 (inferred),Two-way,0.5477987216692668,Straight,None,,,--,3.110481,Low,12.174787624054389,14.223158339573219,0.0023778601587583076,12.606809978159479
17,secondary,Rural/Arterial,80.0,49.7 mph (inf),2,2 (inferred),Two-way,0.5477987216692668,Straight,None,,,--,3.110481,Low,12.172376351901535,14.220341378268525,0.0023324335476364055,12.609221250312332
17,secondary,Rural/Arterial,80.0,49.7 mph (inf),2,2 (inferred),Two-way,0.5477987216692668,Straight,None,,,--,3.110481,Low,12.169971043562507,14.217531384171059,0.0022669443615882068,12.611626558651361
17,secondary,Rural/Arterial,80.0,49.7 mph (inf),2,2 (inferred),Two-way,0.5477987216692668,Straight,None,,,--,3.110481,Low,12.167567402565359,14.214723337940635,0.002196224035667042,12.614030199648509
17,secondary,Rural/Arterial,80.0,49.7 mph (inf),2,2 (inferred),Two-way,0.5477987216692668,Straight,None,,,--,3.110481,Low,12.165167856963182,14.211920076142837,0.0021265448976493144,12.616429745250686
17,secondary,Rural/Arterial,80.0,49.7 mph (inf),2,2 (inferred),Two-way,0.5477987216692668,Straight,None,,,--,3.110481,Low,12.162767243660566,14.209115567007276,0.002069825157165817,12.618830358553302
17,secondary,Rural/Arterial,80.0,49.7 mph (inf),2,2 (inferred),Two-way,0.5477987216692668,Straight,None,,,--,3.110481,Low,12.160371523536343,14.206316774312379,0.0020363454918155104,12.621226078677525
17,secondary,Rural/Arterial,80.0,49.7 mph (inf),2,2 (inferred),Two-way,0.5477987216692668,Straight,None,,,--,3.110481,Low,12.157974614155627,14.203516592272228,0.002025491730052855,12.62362298805824
17,secondary,Rural/Arterial,80.0,49.7 mph (inf),2,2 (inferred),Two-way,0.5477987216692668,Straight,None,,,--,3.110481,Low,12.155579773646737,14.200718827185248,0.0020376366978073902,12.62601782856713
17,secondary,Rural/Arterial,80.0,49.7 mph (inf),2,2 (inferred),Two-way,0.5477987216692668,Straight,None,,,--,3.110481,Low,12.153188978575711,14.19792578816866,0.0020656248734672823,12.628408623638157
17,secondary,Rural/Arterial,80.0,49.7 mph (inf),2,2 (inferred),Two-way,0.5477987216692668,Straight,None,,,--,3.110481,Low,12.15079454891737,14.195128503056575,0.002121028928083366,12.630803053296498
17,secondary,Rural/Arterial,80.0,49.7 mph (inf),2,2 (inferred),Two-way,0.5477987216692668,Straight,None,,,--,3.110481,Low,12.148403190086349,14.192334805429098,0.0021693774723070634,12.63319441212752
17,secondary,Rural/Arterial,80.0,49.7 mph (inf),2,2 (inferred),Two-way,0.5477987216692668,Straight,None,,,--,3.110481,Low,12.14601184549314,14.189541124434903,0.0021999623499606704,12.635585756720728
17,secondary,Rural/Arterial,80.0,49.7 mph (inf),2,2 (inferred),Two-way,0.5477987216692668,Straight,None,,,--,3.110481,Low,12.143622093418424,14.186749303895557,0.0022234976121597956,12.637975508795444
17,secondary,Rural/Arterial,80.0,49.7 mph (inf),2,2 (inferred),Two-way,0.5477987216692668,Straight,None,,,--,3.110481,Low,12.14123231898035,14.183957457230287,0.002239612894256467,12.640365283233518
17,secondary,Rural/Arterial,80.0,49.7 mph (inf),2,2 (inferred),Two-way,0.5477987216692668,Straight,None,,,--,3.110481,Low,12.138845993467017,14.181169639760776,0.002245172889821095,12.64275160874685
17,secondary,Rural/Arterial,80.0,49.7 mph (inf),2,2 (inferred),Two-way,0.5477987216692668,Straight,None,,,--,3.110481,Low,12.136456837235793,14.178378515313765,0.002240766535259777,12.645140764978075
17,secondary,Rural/Arterial,80.0,49.7 mph (inf),2,2 (inferred),Two-way,0.5477987216692668,Straight,None,,,--,3.110481,Low,12.13407274970865,14.175593312364768,0.002234495886557716,12.647524852505217
17,secondary,Rural/Arterial,80.0,49.7 mph (inf),2,2 (inferred),Two-way,0.5477987216692668,Straight,None,,,--,3.110481,Low,12.13169185973196,14.172811844944286,0.002224172478419308,12.649905742481907
17,secondary,Rural/Arterial,80.0,49.7 mph (inf),2,2 (inferred),Two-way,0.5477987216692668,Straight,None,,,--,3.110481,Low,12.129307306487963,14.170026097923,0.0022120199053631126,12.652290295725905
17,secondary,Rural/Arterial,80.0,49.7 mph (inf),2,2 (inferred),Two-way,0.5477987216692668,Straight,None,,,--,3.110481,Low,12.126925244364259,14.167243261145362,0.0022052978204219515,12.65467235784961
17,secondary,Rural/Arterial,80.0,49.7 mph (inf),2,2 (inferred),Two-way,0.5477987216692668,Straight,None,,,--,3.110481,Low,12.124548651436811,14.164466813739494,0.0022001495131086348,12.657048950777057
17,secondary,Rural/Arterial,80.0,49.7 mph (inf),2,2 (inferred),Two-way,0.5477987216692668,Straight,None,,,--,3.110481,Low,12.122170940013035,14.161689059653717,0.0021987185247981256,12.659426662200833
17,secondary,Rural/Arterial,80.0,49.7 mph (inf),2,2 (inferred),Two-way,0.5477987216692668,Straight,None,,,--,3.110481,Low,12.119794042871385,14.15891225685054,0.0021943631960641393,12.661803559342482
17,secondary,Rural/Arterial,80.0,49.7 mph (inf),2,2 (inferred),Two-way,0.5477987216692668,Straight,None,,,--,3.110481,Low,12.117417425034798,14.156135780344648,0.0021924238823262214,12.66418017717907
17,secondary,Rural/Arterial,80.0,49.7 mph (inf),2,2 (inferred),Two-way,0.5477987216692668,Straight,None,,,--,3.110481,Low,12.115043458028897,14.15336240066358,0.0021943461694090487,12.666554144184971
17,secondary,Rural/Arterial,80.0,49.7 mph (inf),2,2 (inferred),Two-way,0.5477987216692668,Straight,None,,,--,3.110481,Low,12.112669464748825,14.150588990287794,0.0022015504569942827,12.668928137465043
17,secondary,Rural/Arterial,80.0,49.7 mph (inf),2,2 (inferred),Two-way,0.5477987216692668,Straight,None,,,--,3.110481,Low,12.110299270096553,14.147820017647296,0.0021999854327269808,12.671298332117315
17,secondary,Rural/Arterial,80.0,49.7 mph (inf),2,2 (inferred),Two-way,0.5477987216692668,Straight,None,,,--,3.110481,Low,12.107929045043743,14.145051009491464,0.0022015836326908476,12.673668557170124
17,secondary,Rural/Arterial,80.0,49.7 mph (inf),2,2 (inferred),Two-way,0.5477987216692668,Straight,None,,,--,3.110481,Low,12.10556389670196,14.142287932187735,0.0022006628168440585,12.676033705511907
17,secondary,Rural/Arterial,80.0,49.7 mph (inf),2,2 (inferred),Two-way,0.5477987216692668,Straight,None,,,--,3.110481,Low,12.10319652337591,14.13952225555295,0.0022040502557217267,12.678401078837958
17,secondary,Rural/Arterial,80.0,49.7 mph (inf),2,2 (inferred),Two-way,0.5477987216692668,Straight,None,,,--,3.110481,Low,12.100833547331412,14.136761716028868,0.002199593191860973,12.680764054882456
17,secondary,Rural/Arterial,80.0,49.7 mph (inf),2,2 (inferred),Two-way,0.5477987216692668,Straight,None,,,--,3.110481,Low,12.09847065054018,14.134001269092172,0.0021909496290364043,12.683126951673687
17,secondary,Rural/Arterial,80.0,49.7 mph (inf),2,2 (inferred),Two-way,0.5477987216692668,Straight,None,,,--,3.110481,Low,12.096110004867437,14.13124345201775,0.002174995237828336,12.68548759734643
17,secondary,Rural/Arterial,80.0,49.7 mph (inf),2,2 (inferred),Two-way,0.5477987216692668,Straight,None,,,--,3.110481,Low,12.093754862346584,14.128492063983666,0.002162652937423679,12.687842739867284
17,secondary,Rural/Arterial,80.0,49.7 mph (inf),2,2 (inferred),Two-way,0.5477987216692668,Straight,None,,,--,3.110481,Low,12.091401335246822,14.12574256316032,0.002138110306377107,12.690196266967046
17,secondary,Rural/Arterial,80.0,49.7 mph (inf),2,2 (inferred),Two-way,0.5477987216692668,Straight,None,,,--,3.110481,Low,12.089050346743825,14.122996028044868,0.0021026397878115203,12.692547255470043
17,secondary,Rural/Arterial,80.0,49.7 mph (inf),2,2 (inferred),Two-way,0.5477987216692668,Straight,None,,,--,3.110481,Low,12.08670129028242,14.120251750031086,0.002063913303103873,12.694896311931448
17,secondary,Rural/Arterial,80.0,49.7 mph (inf),2,2 (inferred),Two-way,0.5477987216692668,Straight,None,,,--,3.110481,Low,12.084353793303656,14.11750929387812,0.0020296541911542887,12.697243808910212
17,secondary,Rural/Arterial,80.0,49.7 mph (inf),2,2 (inferred),Two-way,0.5477987216692668,Straight,None,,,--,3.110481,Low,12.082012944610202,14.114774604564099,0.001990426395134449,12.699584657603666
17,secondary,Rural/Arterial,80.0,49.7 mph (inf),2,2 (inferred),Two-way,0.5477987216692668,Straight,None,,,--,3.110481,Low,12.079674225946594,14.112042403650918,0.001953920558312164,12.701923376267274
17,secondary,Rural/Arterial,80.0,49.7 mph (inf),2,2 (inferred),Two-way,0.5477987216692668,Straight,None,,,--,3.110481,Low,12.077338923619934,14.109314193862911,0.0019125854214767089,12.704258678593934
17,secondary,Rural/Arterial,80.0,49.7 mph (inf),2,2 (inferred),Two-way,0.5477987216692668,Straight,None,,,--,3.110481,Low,12.075006223899909,14.10658902456213,0.0018711425984830857,12.70659137831396
17,secondary,Rural/Arterial,80.0,49.7 mph (inf),2,2 (inferred),Two-way,0.5477987216692668,Straight,None,,,--,3.110481,Low,12.072681893409149,14.103873632587797,0.001833434844526064,12.708915708804719
17,secondary,Rural/Arterial,80.0,49.7 mph (inf),2,2 (inferred),Two-way,0.5477987216692668,Straight,None,,,--,3.110481,Low,12.07035541041666,14.101155725959913,0.0017963781239949128,12.711242191797208
17,secondary,Rural/Arterial,80.0,49.7 mph (inf),2,2 (inferred),Two-way,0.5477987216692668,Straight,None,,,--,3.110481,Low,12.068034553182478,14.098444391606936,0.0017582702800340367,12.71356304903139
17,secondary,Rural/Arterial,80.0,49.7 mph (inf),2,2 (inferred),Two-way,0.5477987216692668,Straight,None,,,--,3.110481,Low,12.065719725785257,14.095740101592513,0.0017259664039571108,12.71587787642861
17,secondary,Rural/Arterial,80.0,49.7 mph (inf),2,2 (inferred),Two-way,0.5477987216692668,Straight,None,,,--,3.110481,Low,12.063405442621018,14.093036447376603,0.0016974527994557292,12.71819215959285
17,secondary,Rural/Arterial,80.0,49.7 mph (inf),2,2 (inferred),Two-way,0.5477987216692668,Straight,None,,,--,3.110481,Low,12.061101991914992,14.09034544814681,0.0016664946526278191,12.720495610298876
17,secondary,Rural/Arterial,80.0,49.7 mph (inf),2,2 (inferred),Two-way,0.5477987216692668,Straight,None,,,--,3.110481,Low,12.058799854462315,14.08765598312122,0.0016408782263184639,12.722797747751553
17,secondary,Rural/Arterial,80.0,49.7 mph (inf),2,2 (inferred),Two-way,0.5477987216692668,Straight,None,,,--,3.110481,Low,12.056500394910717,14.084969646545359,0.0016182302137386264,12.72509720730315
17,secondary,Rural/Arterial,80.0,49.7 mph (inf),2,2 (inferred),Two-way,0.5477987216692668,Straight,None,,,--,3.110481,Low,12.05420588713521,14.082289094866747,0.0015965983354606721,12.727391715078658
17,secondary,Rural/Arterial,80.0,49.7 mph (inf),2,2 (inferred),Two-way,0.5477987216692668,Straight,None,,,--,3.110481,Low,12.051913578373796,14.07961111217961,0.001576621119588301,12.729684023840072
17,secondary,Rural/Arterial,80.0,49.7 mph (inf),2,2 (inferred),Two-way,0.5477987216692668,Straight,None,,,--,3.110481,Low,12.049622584453765,14.07693466555189,0.001553216404083812,12.731975017760103
17,secondary,Rural/Arterial,80.0,49.7 mph (inf),2,2 (inferred),Two-way,0.5477987216692668,Straight,None,,,--,3.110481,Low,12.047335122987066,14.074262345701955,0.0015251268781259289,12.734262479226802
17,secondary,Rural/Arterial,80.0,49.7 mph (inf),2,2 (inferred),Two-way,0.5477987216692668,Straight,None,,,--,3.110481,Low,12.04505554575405,14.07159923658386,0.0014941707324124085,12.736542056459818
17,secondary,Rural/Arterial,80.0,49.7 mph (inf),2,2 (inferred),Two-way,0.5477987216692668,Straight,None,,,--,3.110481,Low,12.042778036133862,14.068938542948118,0.0014533232583107925,12.738819566080005
17,secondary,Rural/Arterial,80.0,49.7 mph (inf),2,2 (inferred),Two-way,0.5477987216692668,Straight,None,,,--,3.110481,Low,12.040502159514501,14.066279757060588,0.0014070104111117182,12.741095442699367
17,secondary,Rural/Arterial,80.0,49.7 mph (inf),2,2 (inferred),Two-way,0.5477987216692668,Straight,None,,,--,3.110481,Low,12.038232719011038,14.063628490145737,0.0013578306046206684,12.74336488320283
17,secondary,Rural/Arterial,80.0,49.7 mph (inf),2,2 (inferred),Two-way,0.5477987216692668,Straight,None,,,--,3.110481,Low,12.035963767896577,14.060977794958088,0.0013042184208092525,12.74563383431729
17,secondary,Rural/Arterial,80.0,49.7 mph (inf),2,2 (inferred),Two-way,0.5477987216692668,Straight,None,,,--,3.110481,Low,12.033696987141322,14.058329635285933,0.0012545230458563626,12.747900615072545
17,secondary,Rural/Arterial,80.0,49.7 mph (inf),2,2 (inferred),Two-way,0.5477987216692668,Straight,None,,,--,3.110481,Low,12.031439633197909,14.055692488457828,0.001204445118294917,12.750157969015959
17,secondary,Rural/Arterial,80.0,49.7 mph (inf),2,2 (inferred),Two-way,0.5477987216692668,Straight,None,,,--,3.110481,Low,12.029178901074534,14.053051395081331,0.0011486352156285062,12.752418701139334
17,secondary,Rural/Arterial,80.0,49.7 mph (inf),2,2 (inferred),Two-way,0.5477987216692668,Straight,None,,,--,3.110481,Low,12.026923264249664,14.050416254271704,0.0010975776417105857,12.754674337964204
17,secondary,Rural/Arterial,80.0,49.7 mph (inf),2,2 (inferred),Two-way,0.5477987216692668,Straight,None,,,--,3.110481,Low,12.024670528950066,14.047784503160086,0.0010494742987288694,12.756927073263801
17,secondary,Rural/Arterial,80.0,49.7 mph (inf),2,2 (inferred),Two-way,0.5477987216692668,Straight,None,,,--,3.110481,Low,12.022418250215546,14.04515328542922,0.0010019644294754152,12.759179351998322
17,secondary,Rural/Arterial,80.0,49.7 mph (inf),2,2 (inferred),Two-way,0.5477987216692668,Straight,None,,,--,3.110481,Low,12.020169504129466,14.042526194704072,0.0009418622198136667,12.761428098084401
17,secondary,Rural/Arterial,80.0,49.7 mph (inf),2,2 (inferred),Two-way,0.5477987216692668,Straight,None,,,--,3.110481,Low,12.017924211288635,14.039903138222105,0.000905047627138402,12.763673390925232
17,secondary,Rural/Arterial,80.0,49.7 mph (inf),2,2 (inferred),Two-way,0.5477987216692668,Straight,None,,,--,3.110481,Low,12.015677465813184,14.03727838470419,0.0008707387695670224,12.765920136400684
17,secondary,Rural/Arterial,80.0,49.7 mph (inf),2,2 (inferred),Two-way,0.5477987216692668,Straight,None,,,--,3.110481,Low,12.01343813128501,14.034662289002732,0.00084432911914619,12.768159470928858
17,secondary,Rural/Arterial,80.0,49.7 mph (inf),2,2 (inferred),Two-way,0.5477987216692668,Straight,None,,,--,3.110481,Low,12.011199168576182,14.032046627678081,0.0008143037456750903,12.770398433637686
17,secondary,Rural/Arterial,80.0,49.7 mph (inf),2,2 (inferred),Two-way,0.5477987216692668,Straight,None,,,--,3.110481,Low,12.00896872028618,14.029440913297138,0.0007860440415066267,12.772628881927687
17,secondary,Rural/Arterial,80.0,49.7 mph (inf),2,2 (inferred),Two-way,0.5477987216692668,Straight,None,,,--,3.110481,Low,12.006737818961225,14.026834669659499,0.0007607091503230563,12.774859783252642
17,secondary,Rural/Arterial,80.0,49.7 mph (inf),2,2 (inferred),Two-way,0.5477987216692668,Straight,None,,,--,3.110481,Low,12.004508367268325,14.024230119550069,0.0007378702914237986,12.777089234945542
17,secondary,Rural/Arterial,80.0,49.7 mph (inf),2,2 (inferred),Two-way,0.5477987216692668,Straight,None,,,--,3.110481,Low,12.002280600288403,14.02162753760141,0.0007126990627309247,12.779317001925465
